resample,b2_minus_b1_crossover_layer,ft_minus_tf_crossover_layer
0,18.08055697184841,18.24045519293137
1,17.612747709929096,18.49954750749423
2,18.269438051608002,18.038525308965106
3,18.147010909397707,17.767912090164003
4,17.772634870693,18.094071072402386
5,17.967044562600698,18.59362996951319
6,17.70623053581897,18.440708440698558
7,18.035625827920548,18.054022305470514
8,17.86278883102297,18.152659865881198
9,17.76515243286531,18.276370453041103
10,17.83406934259544,18.174657339743245
11,18.151868256273378,18.304109639212236
12,18.023539447053345,18.249254123166725
13,17.324525742611822,17.98928887986853
14,17.75088581492935,18.147468447975122
15,17.974484689251238,17.947483798440494
16,18.122695262105776,18.30555559831043
17,18.125806464923738,18.224881995973323
18,17.73760258793781,18.13046046175516
19,17.882355651561188,18.501836193311053
20,17.919238370703226,18.254178878430842
21,18.040841391183736,18.351179588843447
22,18.060485208391906,17.938974964417753
23,17.606216303121883,18.222185331156147
24,18.074551324908406,18.195046477507383
25,18.215487576123962,18.527076250756245
26,18.241695085570015,18.398135027865624
27,17.800011336711734,18.347766639351544
28,17.778081244892196,18.258318156944647
29,17.72875178604005,18.31905290856698
30,17.917978208066767,18.15953413608947
31,18.007611628444582,17.862408578382972
32,17.89684557823461,18.182638118717406
33,18.247099079029308,18.08593431977369
34,18.317262046367677,18.25268388812584
35,18.16595627769656,18.073056267818384
36,18.376464918538765,18.353045378132144
37,18.10171607481294,18.07958491892957
38,17.727375252116772,17.973570420108732
39,18.21888589274458,18.170276915263372
40,18.14656855336393,17.916673560706897
41,17.900153506377766,18.333561902150713
42,17.998550702247275,18.140688972664496
43,18.300169805183113,18.0293460197002
44,18.041341116432402,17.966292780955833
45,18.125059112897315,18.012496876193314
46,18.092695544023456,17.89376614031732
47,17.868511690768674,17.786741176777113
48,18.222228267958265,18.08076086707692
49,17.82616810934302,18.188805503542635
50,17.94621706045923,18.380456567056605
51,18.265474906995653,18.160619817796043
52,17.976467131257895,18.157253849481112
53,17.8325114314264,18.06555486714694
54,18.000449634112357,18.219160502784447
55,17.994430801169592,18.207991818816375
56,17.98766923037958,17.749948464567353
57,18.175092965363586,18.283850133661975
58,17.937447032369136,18.220083655698623
59,18.082225132781815,18.006993640876598
60,17.967496670340815,18.269906250398872
61,17.834059573690393,18.267747924033685
62,17.878948057220263,18.440082429434344
63,17.741926635745255,18.431103364756794
64,18.226811172532276,18.163960704183836
65,18.1187895568708,18.253687219898897
66,18.004001615681425,18.231090990961242
67,18.169265210389426,18.05951829476273
68,18.11493813011548,18.127100157383182
69,18.10863181893273,18.01411176802538
70,17.920055693556105,18.014420480046823
71,17.89776363430229,18.346225595317694
72,18.567880754436402,18.186322134291206
73,17.86758991092635,18.86376659556267
74,18.198698604817213,18.308199587113524
75,18.027688968301767,18.34728007270417
76,17.846564615799526,18.088405332189843
77,18.213548500073806,17.931763538728834
78,18.00166488035176,18.098194786688577
79,17.829456737196306,18.1382181978028
80,18.045422253833692,17.95938348113994
81,17.729338398982474,18.17089302115499
82,18.165068503568673,18.45808822821757
83,17.925951582061522,18.017193661850897
84,18.14001042907394,18.000294336747963
85,17.79694934367722,18.326354394548535
86,18.03618965921718,18.426315821443943
87,18.19574897745288,17.83427842722817
88,17.821993469905966,18.001587362692998
89,17.974284567894543,18.166347569377304
90,18.058053541627782,18.11718618413095
91,18.019798513536898,17.70101290919588
92,18.075671250913015,18.289144698816067
93,18.20716304008629,18.310173852242414
94,17.791685699033387,17.94660491901014
95,18.202736895216734,18.002099198836394
96,17.908538647920228,18.012019305832293
97,18.02026712787565,18.283085449296948
98,18.145040679474995,18.266349576095696
99,17.767482516898273,18.39266856017628
100,17.860271185962034,18.07055245164931
101,18.004740781916198,17.879172881799846
102,18.13137524457981,18.298070000222772
103,18.16617783260735,18.115238568880724
104,18.11172997805253,18.14346514812439
105,18.12165492711002,18.336892162074577
106,17.894692056162757,18.223872063153376
107,17.98139994897215,18.14439265879886
108,18.00170550752194,18.288347325753772
109,18.02736453896417,18.350613322067296
110,17.650167221782308,18.373529550151787
111,18.398301942158177,18.082565466218572
112,18.000793033563575,18.218353317177606
113,17.64777509957853,18.486565861014576
114,18.011048295443057,17.60140963452379
115,18.188346481176474,18.625205268522695
116,18.194595352931348,18.152626992624963
117,18.099572604107042,18.360438881586802
118,17.951196333213062,18.510091716914385
119,17.90544572582,18.06684482068406
120,17.921507133823862,18.461226490771
121,18.136243275865798,18.18843700765904
122,18.06288045051052,18.37611920000757
123,18.02006488722005,18.16362432254381
124,18.050749518116422,18.010974419053873
125,18.149675421049466,17.996314033431705
126,17.793044777409605,18.172265419710392
127,18.109622032217494,18.181371385288024
128,18.00386965314472,18.191522272422922
129,17.724610070150685,18.136082574730935
130,17.890426801233687,18.36546874339412
131,17.724679152318103,18.06776733349275
132,18.076092739335238,18.130302270009306
133,17.8444091032267,18.371962167808412
134,17.896026030697634,18.40678382424483
135,18.15530429424947,18.272287154394956
136,18.20885067797593,17.969938765016504
137,18.25815223512603,18.376617837708345
138,17.8297628734088,18.24095481682328
139,18.2026390175297,18.488379634997997
140,18.25562719092454,18.25195035824192
141,18.438905081630285,18.0484748801311
142,18.210148566775977,17.80730375998282
143,18.360028517383757,18.0933208842499
144,18.122503632663285,17.857409786190058
145,17.75943740241241,18.055811319736858
146,17.845762367372267,18.1874828195929
147,18.149326490217206,18.109900015133697
148,18.012942232598547,18.451226206650254
149,17.890800025303303,18.34245212183181
150,18.02176552576637,18.025829431037067
151,17.712980143096747,17.783629196274173
152,18.087513808361788,18.004198184620744
153,18.518230466174774,18.33271218443644
154,18.0258450070847,18.067675871107568
155,18.018214606031133,18.24386117272424
156,18.11256748509609,17.988029515311712
157,17.77083724440995,18.219148279036
158,18.198871361466882,17.70701110819551
159,18.022511104403264,18.251992262333136
160,18.190559114164692,18.09098377734062
161,18.11689742365756,17.99211597513524
162,18.0112920649382,18.250100888298714
163,17.906343175452907,18.30397630389976
164,18.116876277231032,18.4473235006327
165,17.58969708868564,18.149884525913137
166,18.131967635700803,17.93090161219976
167,18.059934356482856,18.133326710342285
168,18.101505733089123,18.403253296048646
169,17.954198562532714,18.189909747754122
170,17.942895045897856,18.28340823429595
171,17.894373946722805,18.273495487656806
172,18.106248240411393,17.846779139580057
173,18.034936253345126,18.048220798188918
174,17.944811700679313,18.093026523863486
175,17.69875487810683,18.317738454253846
176,17.91454453936483,18.199766085793996
177,18.355743835965562,18.145964399003258
178,18.273128070237558,18.149200288572786
179,18.0629412612356,18.01403977617075
180,18.054373996020978,18.149456518522403
181,18.28063633224006,18.270993294814467
182,18.212100064039035,18.26276313322858
183,18.053753741691057,18.20311715851684
184,17.92977689625969,18.133834737504493
185,18.034281319574877,18.221816736387343
186,17.97446363971123,17.902220394069264
187,18.190202488890908,18.315543283732076
188,18.02580696808031,18.357826063970275
189,17.9118398965945,18.378306740076567
190,18.25286768791899,17.699217810479556
191,18.12114104476397,17.92754147476206
192,17.877285913716612,18.198237376247754
193,17.933182048644543,18.090886346266853
194,18.112024363231942,18.143860868750775
195,18.073701666141613,18.404806494128845
196,18.086020561258984,18.068458810243882
197,17.87613913165822,18.006109556976128
198,17.71066908388682,18.51244194288527
199,17.8161844951915,18.109833223772295
200,18.403962108879227,18.284210587561756
201,17.902419831625707,18.086448765044114
202,18.03346584276916,18.167987977472063
203,17.866903824391745,18.00575102747609
204,18.25505469577001,18.03181992658921
205,18.04348173981333,18.049947087579742
206,17.892367801296835,18.363317213641526
207,18.03774995899874,18.273578503725275
208,18.127037273533915,18.874134398638123
209,18.112054572124507,18.02709118370287
210,17.74518704878367,18.07973513294598
211,17.552173047037446,18.36833594489814
212,17.566647538903624,18.123795152561474
213,18.404506868580032,18.19018939397977
214,17.91215510280717,17.91012992134929
215,17.78175300318225,18.34822413453115
216,17.336446027309105,17.701375431582214
217,17.51400527366695,18.3289158890936
218,18.243083006570696,18.23927407220996
219,18.32187497512305,18.259403700823327
220,18.014067645305555,18.283892404322447
221,17.731180228227505,18.132530434257607
222,17.994066195272858,18.178165886068548
223,17.90522483874442,18.13769879080223
224,17.947577852845505,18.29604049874089
225,17.962085356490824,18.005909879570776
226,18.078855459427306,18.142397914334595
227,18.045159781086394,18.18830284903116
228,17.90431003874773,18.0161725024051
229,17.874721499227253,18.298589838704373
230,17.98055865922001,17.90924702048351
231,17.840128149032306,17.81074347239775
232,17.639908396695766,18.12094095011876
233,17.84230569353074,18.36256015056215
234,17.947499033268876,18.073577444901886
235,18.137200409876836,17.760650243471403
236,17.92762113574871,18.260651240167412
237,17.89608709789617,18.104561464431374
238,17.779827555760875,18.363343944862148
239,17.83087547782917,17.97122991800854
240,18.268185365203284,18.04068110140927
241,17.837010059092435,18.100936227342377
242,17.759173827159298,18.16957012860588
243,18.282562925812467,17.828809673731357
244,18.09681055846031,18.01253152343058
245,17.627145938853914,18.23053668357725
246,18.24893111516714,18.431931125992932
247,18.105640355449413,18.17423306179898
248,17.631728882426113,18.1822878666906
249,17.93330371291279,18.38170005905647
250,18.01615155328797,18.269165390634008
251,18.343489732830626,18.279901456048858
252,17.947304461827287,18.241605653191723
253,17.397487598474708,18.396570858385065
254,18.036876388695863,18.173671312044263
255,18.130315406514327,18.030880094235293
256,18.28618033684029,18.474264489680934
257,18.18180986455829,18.214207008401118
258,18.075740417899944,18.106171469458957
259,18.106463176388147,18.26729228046944
260,17.946869428965897,18.05483995115203
261,17.838836467010353,18.122749072712512
262,18.127850780697564,18.072648201541977
263,18.12161963923779,18.001472497230875
264,17.70342587417978,18.016947584427392
265,18.076916612899414,18.135533120466626
266,18.090055424743017,17.779936320765202
267,17.965322672984747,17.931790469223767
268,17.714162387750566,18.524414702145375
269,18.13368862128245,18.206619492695054
270,18.051966722604654,18.01519626557411
271,17.883948214731134,17.96975696257229
272,17.675010268342554,18.605737291106973
273,18.094554800856468,18.151516321550876
274,18.041837727217253,18.23487122147334
275,18.104910117007023,17.983240985977503
276,18.035989353587155,18.518686194879834
277,17.250635997087784,18.233557653184118
278,17.66097405391896,18.522367508939727
279,18.01655169047495,17.496921341650054
280,18.23759928753549,18.218268327590277
281,17.935403282727965,18.322861289906438
282,18.140172368316016,17.947030075390515
283,17.870105041439402,17.799352683660782
284,17.96392249428404,18.002726450661125
285,17.781331785840955,17.919095031889864
286,17.719736336276284,17.894932811286388
287,18.120974058242894,18.422268259289147
288,17.767361547602576,18.014061671381544
289,18.051432225399374,18.311447775330155
290,17.968960954169525,18.22559615399674
291,18.04537857872646,18.11389025651973
292,18.041845435124504,18.514387413842467
293,18.032543288495287,18.2648880466919
294,17.699579956409732,18.35504752867061
295,17.83062575555828,18.213164299922454
296,17.778547504504207,18.033799915451425
297,18.029431762282346,18.557283011363502
298,18.130931694338347,18.036206084854676
299,17.94173472718883,18.14917691482748
300,18.086964112925543,18.15065149675943
301,17.62428315574551,18.333123237347152
302,17.74517637004365,18.165304531838856
303,17.75044357474293,17.941597688855097
304,17.81359809526666,18.47263575184753
305,17.913631911966885,17.893374911581912
306,17.883171548586265,18.007345880657297
307,17.73523866830047,18.230762090341504
308,18.35272876578098,18.26544721543231
309,17.613738897703307,18.047368957459813
310,17.738463933960706,18.18801947265428
311,18.008625935877035,18.083346553976263
312,18.127445928699,18.256997909430332
313,18.12627978291436,18.161749812526736
314,18.080434928906275,18.10852626280529
315,17.82192419192915,17.81106873338071
316,18.037536450808172,18.0317074455493
317,17.755876550805624,18.21392869918583
318,17.971768186240265,17.517147460290712
319,17.660084849466553,18.120362748039543
320,17.944938916446084,18.061309803255718
321,18.084240485769023,17.7712495725081
322,18.541740441802553,18.02460229754922
323,18.04657465885973,17.98836466946135
324,17.947262115283202,18.076276330506424
325,17.92955411449685,17.982827015496415
326,17.794975280047122,17.94579377232383
327,18.23397180603169,18.22051727167753
328,17.90339340827403,18.242867784378316
329,18.159414008200848,18.21467857534378
330,18.236147731088984,18.37171863521289
331,18.03806827562002,17.79597555575451
332,17.962653500433287,18.11137342152724
333,18.014561868499786,17.988734081577263
334,17.974590876274753,18.549159229582763
335,17.958466967173944,18.341950354668956
336,17.990491382132202,18.102918524935628
337,18.189169282330408,18.045095759911973
338,17.933155754072363,18.372678441515585
339,18.074910527359304,18.330323685217547
340,18.218623420217558,18.274450169045256
341,18.066233627534814,18.25611474646292
342,17.727617910728412,18.045339724307187
343,17.78453997581542,18.257383130549005
344,17.92976837744585,18.317019564852576
345,18.09729196244562,18.12801449947294
346,17.769699368836278,18.091694685936755
347,17.79261253546429,18.034233611732915
348,18.181604627766962,18.4571190886086
349,18.15616469709004,18.080366198620858
350,18.029144236737878,18.19185377002236
351,18.16683861054711,17.866312276998514
352,17.808690869295514,18.184185148206975
353,18.197153352249277,17.7282342899717
354,17.82137196404347,18.168277294318447
355,17.764277501688063,18.016421028633335
356,17.968728650795875,18.029170903281894
357,18.245927493199016,18.01369889913649
358,18.09966414650388,18.51640517118243
359,17.978642185521768,18.02876942803265
360,17.607224513157757,18.314858961734718
361,17.91898648950028,18.132746744735616
362,17.697801088957238,18.18291168177367
363,18.26036489668645,18.325680852086666
364,18.14900150416347,18.31028747469104
365,18.05250648472513,17.762771643803436
366,18.02544623478088,18.110498934808355
367,17.978501974378595,18.300932525500873
368,18.09586171019518,18.279040213175403
369,18.221090637575095,18.236957031370398
370,18.155980478696897,18.288924295876612
371,18.039592120100696,18.20321007635352
372,18.01232898334734,17.899222363245595
373,17.695258099479492,18.265946206555505
374,18.000786157264145,17.99363285038177
375,17.72333755247202,17.981439062955854
376,18.182402429015394,18.413491852223586
377,18.080363150029665,17.801979351257636
378,17.988672481732905,18.587878693350895
379,18.066131941339787,18.115227285746236
380,18.0482353222315,18.28137122301795
381,18.358432422062766,18.48204620829215
382,17.801581617894175,18.18621110221625
383,17.792961521917597,18.289319208536185
384,18.15357666551867,18.597164250274222
385,18.18166064009091,18.021638196683547
386,17.9392630601275,18.319211750550817
387,17.97880529938964,18.321539551705627
388,18.10863755833437,17.922933305199596
389,18.03263207601857,18.17675187948338
390,18.057078798729012,18.20895040409877
391,18.239785853814606,18.180451967302844
392,18.310859349718946,18.03896290297805
393,18.35787660968671,18.138318278822524
394,17.815408482183212,18.36698385780838
395,17.762658523836528,17.88659371716052
396,17.768475567763367,18.209006900648728
397,17.878261121052958,17.86591898226674
398,18.112230594186435,18.119485407782992
399,17.80302845846071,18.03245345127703
400,18.03599489058644,17.86635634969988
401,18.08296002534592,18.215198136494784
402,17.911974497303074,18.094940924554948
403,17.690771701703753,18.370383826455203
404,17.936840791633873,18.252673713686114
405,18.100334934417194,18.82854327670999
406,17.988313846255352,18.46030641863388
407,17.938353654543377,18.242934595870018
408,18.262152006498546,18.120046120393013
409,18.13854609378436,18.099915901028975
410,17.74814168781504,18.17459921336631
411,17.90703515076107,18.154903624755917
412,18.114114791000645,18.21034586478056
413,17.690329573336022,18.396694906938084
414,18.10998876098204,18.177144335630995
415,17.956950257671643,17.910288303023314
416,17.968653665273074,18.005534076793882
417,18.120844927236337,18.238776978133007
418,17.976283851565327,18.092297161952335
419,17.89350115860496,18.375369953221863
420,18.04881769250109,18.189757322388054
421,18.04561303791172,18.08602633872071
422,18.194390188300883,18.36929846038401
423,18.248651780040333,18.08098263711208
424,17.82987463987315,18.092325156428558
425,17.52343387791581,18.263572567998388
426,18.295046145531373,17.938146645189708
427,18.11726550452924,18.199269459770132
428,18.209412167146418,18.021896662171905
429,18.037972370740793,17.878109131385585
430,17.90250555379523,18.09207705707538
431,18.043275853008108,18.236368624397187
432,18.11083668869309,17.923927843949215
433,18.04044791060413,18.21180870256458
434,18.16998527556684,18.287297961904834
435,18.124446518616104,18.216577773295835
436,17.911988420801563,17.99371786772086
437,18.185258936605052,18.471719316415072
438,18.362557894224754,18.17072597150937
439,18.005428420349926,18.395233989765156
440,17.937501700005047,18.09131320378683
441,18.125506288960295,18.061067710052225
442,18.237783184967288,18.12171759341654
443,17.977368287900134,18.077088497472314
444,18.00339890808705,18.476978170512137
445,17.841845834641195,18.105079545782065
446,18.2578101981696,18.366525313403617
447,18.016260371764343,18.602900687780973
448,17.739798585518347,18.21403632843697
449,18.29868681383963,18.205870409972658
450,17.68895872171917,18.007263235989036
451,18.084948889291354,18.19466222920412
452,17.9719972386737,18.330915325089887
453,18.109827586342103,18.001008541645717
454,17.711929649514698,17.713147293024434
455,18.116710370345064,18.140547479781805
456,17.80235920937168,18.326423838691692
457,18.0523428854516,18.3832984521798
458,18.017941599415735,17.781896045134587
459,18.209571309045746,18.440082839230424
460,18.097322004846255,18.528950194313115
461,17.875568475723,17.782678839989572
462,18.031091648145992,18.31749364995372
463,17.65346219577451,17.967520517631275
464,17.927016866359917,18.009642573618617
465,17.85876516206175,18.17412680906034
466,17.702067751235386,18.282230502551208
467,17.804174505377315,17.923252457782347
468,18.27162680417543,18.46040283179052
469,18.1133036012101,18.072284687700876
470,18.05235405269602,18.7229918008264
471,17.50084486653969,18.37384799131304
472,17.98651956108837,17.794810290240346
473,17.695640525956318,18.08274544002017
474,18.184463449246085,17.89622040344682
475,17.694829061988465,18.1216266481184
476,18.125981982196375,18.3490178614065
477,17.786115388713398,18.023535527763173
478,18.052490030069624,18.027691212574187
479,18.030948188637925,18.129998290842835
480,18.145127165434474,18.353256719070238
481,18.2576525095092,17.843785697732372
482,18.01353779049846,18.14012126610202
483,18.119015599345545,17.840414156559337
484,18.16274475495619,18.139735373135707
485,18.127230256234984,18.0895754829452
486,18.0014082765637,17.761624563581464
487,18.10853659838056,18.289858102598107
488,17.93667291864852,18.03992687817741
489,18.209884922684417,18.17516960418394
490,17.896565621265474,17.98619564838652
491,18.201371863502978,17.910041997022756
492,18.15847915159867,18.051155169548178
493,17.680758247652353,18.133560405538834
494,18.093761138386938,18.52830671984954
495,18.04563919312644,18.040391989514028
496,17.92495942474272,18.216650428963206
497,17.86125013868513,18.254620280261314
498,17.926118878319492,17.995313219517133
499,18.13807253533258,18.280052652359437
500,18.1341877708035,18.217875338942477
501,18.21822582738777,18.121202131208157
502,17.88088062324447,18.36890150189482
503,17.68599840084905,18.158880836535474
504,18.23720666881148,18.25752646961305
505,18.076775474637014,18.19591789584468
506,17.960926348830515,18.014030116264713
507,18.14081264469364,18.506177093468587
508,18.06375931264421,17.95550635127718
509,18.204222621753825,18.009575184025177
510,17.672110185458354,17.93630184696865
511,17.960485847176194,18.18705781676415
512,17.968720853373572,18.275610186051495
513,18.066614956007083,18.395394882668707
514,18.052690338127515,18.19840827834364
515,17.72261457771765,17.892702280687097
516,18.04287328151123,18.26083218747217
517,17.8987454027592,18.14818297641265
518,17.642797478541542,17.86302970987643
519,18.662951281108874,18.19777383296624
520,18.007215181070006,18.217558188014625
521,17.831706893925023,18.12368680001275
522,18.311176851465802,18.281352264952503
523,18.047697691962114,18.062362464112134
524,18.074628519990434,17.795628654101343
525,17.838080437898498,18.44299612984301
526,18.053973380489712,18.08414367698579
527,18.186716956376834,18.192358815487086
528,17.755186659287727,18.104998173740526
529,17.85485126753247,18.643101794524867
530,18.273319490255723,18.15535559249064
531,18.283381597976817,18.317982716802916
532,18.019931916818205,17.85690102543575
533,18.225720781111573,18.31631658175425
534,17.966132442386257,18.246986574150977
535,17.965992259003894,18.112431486024402
536,17.815472088224933,18.21736456737353
537,17.6308269021832,18.13932911305204
538,17.94509815228935,18.15077900958684
539,17.88783998323433,17.984875285776578
540,17.628725886528393,18.462746826315286
541,17.98321000382093,18.077384737599676
542,18.06719184716242,18.267518292158446
543,18.195738487497835,18.455838916352672
544,18.111572284119443,18.09350761555135
545,18.209884278433773,17.982060865260433
546,18.199431907630135,17.885383812115197
547,18.357793524772582,18.094305405953204
548,17.994530747609442,18.073324074310868
549,18.23427255664249,17.856911377999577
550,18.051721081970843,18.33058135260403
551,18.03470622690682,17.94452831534796
552,17.921231415693693,17.925302491999023
553,18.00386832726783,18.37830620913787
554,18.025594755169138,18.249752481687874
555,17.88806420986344,18.201439440960606
556,18.032656791424856,18.24084759853227
557,17.776018931633104,18.059623402573248
558,18.13808060860349,17.80428287954832
559,17.284077348133618,18.293735701581824
560,18.16058450886961,18.18347584525418
561,17.93317142846012,18.15715360768388
562,18.178075321947638,18.21884780647462
563,17.97330346317594,17.60652028210424
564,18.00222837362264,18.017643185491856
565,18.177960767004016,18.092134887615707
566,18.0158649400518,18.244753078226413
567,17.925984516928857,18.30513715441082
568,18.176504164322413,17.91747865667716
569,18.30188902413552,18.014047236763055
570,18.031541749790556,17.528388519978968
571,18.292959062372795,18.042346231281815
572,18.01464988233316,18.279322481551993
573,18.01267890435533,18.275426465415176
574,17.62938206389013,18.02929287228649
575,18.01187771517643,17.991109469974656
576,17.814826972355576,18.235669998614966
577,17.6839011535655,18.295232515193394
578,18.12526375080778,17.895599414653944
579,17.919236302038247,18.234812772199195
580,18.053283424686207,18.112250139572133
581,18.25153488947299,17.576469893594034
582,17.9114629173202,18.483808645282096
583,17.885383119744485,17.985576511056816
584,18.180715100839418,18.220067254666052
585,18.272625305491097,18.079707894475348
586,18.194771277568123,18.106189480167497
587,17.86355939935157,18.136403284137977
588,17.98244931361501,18.183438040863816
589,18.15062728224711,17.892591466179162
590,17.878023693525456,18.218286759426235
591,17.775171699966222,18.005730253439076
592,18.0098101273169,18.199850590619967
593,17.824214894157986,18.250035668277544
594,17.75850070265174,18.23203507879058
595,17.92910828251429,18.162511003665344
596,17.87489679561668,18.159736812957213
597,17.938231514133474,17.830731894979085
598,18.352867727792677,17.64684382630178
599,18.133391592018405,17.868901715377252
600,18.062792975241063,18.36766429793058
601,18.06833041940202,18.348065522318276
602,18.164615605226714,18.160578876584665
603,17.777503590930834,17.95555685739523
604,17.586906323060642,18.009174691059016
605,17.829285790975785,17.93612854037395
606,18.16769073947492,18.34967842216595
607,18.063341346018568,18.042352279693475
608,18.411210777075773,18.146455038417848
609,18.25278027131949,17.874370463149702
610,17.71864760427397,18.189608031530884
611,17.966119687378466,18.268791352773025
612,17.902676513017244,18.371280898832424
613,18.088711928842372,18.51510441101059
614,18.09800605890784,18.167079387838722
615,18.044584548787483,18.395535605210966
616,17.908596828429094,18.123149591190163
617,18.036356751741227,17.93342182543184
618,18.35865811062483,18.22957528876183
619,17.986852801319657,18.382178877557287
620,17.90063399242028,18.05419355965544
621,17.730350983336923,17.78627577238701
622,18.030043521212754,18.39932501014009
623,17.933491530762254,18.18582441883594
624,17.808749402535,17.515194013885854
625,17.710237864724256,18.198003387104425
626,18.10511352491519,17.728369359773556
627,18.06568755283583,18.05554598905206
628,17.981426159030917,18.498284344523967
629,18.188910049639514,18.33896453962355
630,17.769520773757066,18.61690765132988
631,17.99692919840797,18.09279127796662
632,18.01364644654104,18.126682217552577
633,17.894599610076185,18.297698975096928
634,18.10706410558772,18.031924497257464
635,17.989422226994456,18.227892564146053
636,18.217282677011653,18.350981379694453
637,18.098746726536504,18.440013238505255
638,18.06443103679667,18.43740019855762
639,17.713392106082075,17.93056460451149
640,18.543897149535212,18.0521844507759
641,18.07249979724028,17.798493334880664
642,17.815014776218113,18.227154717877603
643,18.067417676635422,18.07799572800266
644,18.07928149475273,18.18473175311984
645,18.1269750097505,17.76418396094338
646,18.203513663744584,18.078615134214473
647,17.822970748060413,18.119574520521073
648,18.05161696944403,18.04354136530586
649,18.222469420716422,18.204180170730204
650,18.248435571791465,18.356444773639083
651,18.057602449540575,18.194261784812454
652,17.990618768623108,17.9860638257956
653,18.065061179108206,18.1675587834474
654,17.89823050283132,18.44845586986902
655,18.243276902844595,18.16056209639454
656,18.026914971392483,17.952343214594197
657,18.213399480435832,18.261739112030828
658,18.370121470360186,18.117479047827363
659,17.652480672113942,18.086087496678275
660,17.927358581289077,17.82105305295982
661,17.900662406134174,17.993831515589136
662,17.88488064925489,17.87712526236694
663,18.005649928243354,18.300207595173514
664,18.381921632982696,18.12345546975242
665,18.249369549880438,18.20579954660184
666,18.396206034483654,18.20188136828677
667,18.198716687580962,18.0473411074121
668,18.17865954936545,18.135610774724494
669,17.817748629349673,18.18568704367903
670,17.834550066953568,18.104215552181078
671,17.81299740099681,18.39515716010375
672,18.121502648763705,18.234714842127623
673,18.038014354376546,17.910160686841916
674,17.754901329736732,18.49763983199756
675,17.994138305437136,18.09466463965507
676,18.149708262576112,18.077478897615322
677,17.724084868012604,17.888008992060502
678,17.913335442533615,18.25597829599051
679,18.01996449157265,18.271277145059965
680,18.128239970751768,18.427982111302683
681,18.200467519493444,18.217687116379256
682,17.719689693984225,18.07034170309331
683,18.17229015185495,18.35596907227172
684,18.074700765209496,17.739757694184096
685,18.10493407223964,18.090405814351787
686,18.040508413558907,17.78817710215831
687,18.122731723039976,18.20260540676013
688,17.83604734251516,18.000896412226773
689,18.204941995584097,18.156129877226142
690,17.776625616277144,17.723502123229004
691,17.848283922952763,18.169819271420725
692,18.13058645956022,17.519507900317908
693,18.358532961840968,18.064858453666492
694,17.878662547538987,18.476086745156362
695,18.09558572191679,18.27789617246685
696,18.020286264188574,18.14081322659803
697,18.10295044609902,18.272564064084527
698,17.682951258377646,18.18030604229744
699,17.81271241449305,17.910444647461272
700,18.127311386788573,18.318875389616974
701,17.891059748985167,18.392973024858552
702,17.647296780408,17.904931256418006
703,18.21592435908115,18.360081503338844
704,18.303820191862968,18.308321910402434
705,18.026101771080715,18.07971062560592
706,18.04804480475192,18.041429051158875
707,18.08294759695258,17.72763913088614
708,17.830145838465707,18.106804689899146
709,18.175334495023602,18.091822140132123
710,18.30329279428265,17.833976850350478
711,17.85333259609514,18.50454607811423
712,18.17798896913209,18.278172427961195
713,17.821633932575136,17.98859460528179
714,18.153658697216866,18.433553709997213
715,17.879306869041706,18.04799144151809
716,17.723344324572604,17.742501971538747
717,17.74249750339813,18.465409570930994
718,17.984035452359514,18.160226747224787
719,18.060539383446145,18.392664398602104
720,18.018116488639066,18.14940219507372
721,18.106377931133945,18.316083016723933
722,18.02384157104021,18.432474658645237
723,18.11030441822858,18.323967844883697
724,17.850163311637566,18.159642898668366
725,17.88403049539146,17.845324716746834
726,17.926888980526705,18.46551620789919
727,17.65606855386977,17.772882869788894
728,17.86464816359024,18.194127226977628
729,18.06389452046906,18.540667039118848
730,18.19345173895652,17.72087163167381
731,17.8853552475504,18.21058729297158
732,17.955163762001785,18.326199842141907
733,17.931895860692766,17.76162800697186
734,17.782064329392796,18.205556185992737
735,17.590341403833804,18.333883738070057
736,18.06590308536804,18.13633045260612
737,18.165715500827663,18.163051653396696
738,17.802472691840872,17.890107229558023
739,17.794300432218794,18.110048761594076
740,17.937035173052415,18.08978109085249
741,18.05171519723484,18.36286696335864
742,17.723305392102503,18.268961591970573
743,17.83551806217787,18.246533265724345
744,17.8146153767512,18.328857835084502
745,18.240104932153358,18.136777729723935
746,18.153924111768887,18.480770635150574
747,17.787010895582128,17.90296387370955
748,18.353123445277156,17.973421731529275
749,18.062711351646875,17.986609746811496
750,18.280161368455712,18.091266645933665
751,17.904703612071764,18.256434168652234
752,18.054472065931567,18.243910513118987
753,17.775270842415694,18.213180585001606
754,18.1394928155208,18.240898323469438
755,18.23400604396599,18.084728956430485
756,17.836503006420973,18.314223406793662
757,17.733301514468035,18.46853815271059
758,17.96524464666888,18.279082051086235
759,18.368823120988097,18.062824224634056
760,18.30205113942691,18.74201414598238
761,18.30045496001461,18.31118496703548
762,18.0265410582062,18.24469640551236
763,18.036804542658906,18.754824351188013
764,17.977696219161324,18.338021647221712
765,17.745967940276927,17.989659889425184
766,17.92893451937892,18.30123117308567
767,17.531607929277857,18.402009162559782
768,17.996364549569126,18.189585162453405
769,17.689332961203583,18.76281434559928
770,17.885897326400155,17.937515742656217
771,17.922230132453976,18.039855115811623
772,18.084636508029277,17.628707468158392
773,17.624445554421904,18.112834213389416
774,17.78501712483652,18.211125532937412
775,17.701584661970116,18.162029650235162
776,17.64948111282111,18.098238387048717
777,17.919600821016967,17.93149758129665
778,17.683138310246935,18.14335075054801
779,17.885793833769085,18.212919515009418
780,18.11677711096954,18.090509428690932
781,18.168271702114556,17.92702000746135
782,17.492816961036038,18.282460225270945
783,17.841437392480973,18.29493308362658
784,18.173023266071212,18.08973541822516
785,17.99935449089659,18.23061473655389
786,18.040071802459668,18.54514174765457
787,17.856418162695157,18.308449134905423
788,18.132849012400527,18.198801744985477
789,18.23256427192671,17.761339473253887
790,17.937079128027435,18.074803209158215
791,17.97165346010151,18.473825737385315
792,18.052883096493307,18.195963701450797
793,18.398522737415966,17.90720855267849
794,17.96775981521331,18.093336879183553
795,17.985426149763132,18.43434955432385
796,17.96814105567585,17.62163961437618
797,18.101556069219875,17.720147490307898
798,18.324977714064403,18.54237316074351
799,18.013619781976626,18.04467015884592
800,18.094390916974742,17.696114826127996
801,17.97009828879107,18.097720157836093
802,18.33750673784103,18.268422377846008
803,17.899753422911292,17.905679614465786
804,17.608222661756447,18.1486931738309
805,18.02606385181853,17.960227066069955
806,18.194141079616237,18.220544820901395
807,17.93480373085941,18.03322384475213
808,18.119532302721822,18.246842880699873
809,18.203094352553357,18.312014712588887
810,18.115526745754646,18.178793906724874
811,17.7022609617339,18.006873494218016
812,17.778402880571097,18.20977334877978
813,17.688126290186403,17.422659619301164
814,18.368982441207148,18.033982155000864
815,17.611295558286326,18.035805625673014
816,18.052831491077466,18.225696537214
817,18.18455152357698,18.08995574479897
818,17.642389018922376,18.344247199741428
819,18.039337520059707,18.151575013592602
820,17.934834247979502,18.198553865247636
821,18.14035910182489,18.13779657361234
822,17.721447972358547,18.081169646098964
823,18.184182935983674,18.27456190446383
824,18.028020223344207,18.115918214541555
825,18.096874862222645,18.162084007862806
826,18.230993436112076,18.255537353118925
827,18.08610562631328,18.134449937911384
828,17.871187806455495,18.003938016075583
829,18.175450201075293,17.623265224813085
830,18.094155617065905,18.15999513564069
831,18.010918063290024,18.166807866805932
832,18.132549579131208,18.246025700253366
833,17.948185094277793,17.931073939297843
834,18.057618289665573,18.118829781073497
835,18.06240032198569,18.189008150912453
836,17.918607711493298,18.08866819578886
837,17.871179638034103,18.451425186426643
838,18.034598624995603,18.198362535476253
839,17.586834577893903,18.099106456455154
840,18.09432750490484,18.47424392630813
841,18.17383966089706,17.866075837602203
842,17.751388211848607,18.12391186439215
843,17.77014450963223,18.022823313816193
844,18.06302583450702,18.142358023572278
845,18.206903043698677,18.398436100079543
846,17.974753147434807,18.1922798095911
847,17.78878353546143,18.097219277727195
848,17.825395555621416,17.563730453367036
849,18.136805901384385,18.30892581656717
850,17.978146808764933,18.280259871287228
851,18.309065454566586,18.522652190540644
852,18.086695870192194,17.89702690384484
853,18.04305063919549,18.040007780193008
854,18.24820287267329,18.34255026993351
855,17.683304309624653,18.09230954259304
856,18.067851807838416,18.05780519212449
857,18.223670871441872,17.911712586432014
858,18.052136624861877,18.382486517557936
859,18.039415942193514,18.222508112214836
860,17.83373635278257,18.25005292597118
861,17.791600679966773,18.352797685921576
862,17.972599337581645,18.34814624120299
863,17.887077720848982,17.989355493298724
864,17.60009376546411,18.18546079385467
865,17.965647674899298,18.267533112976157
866,17.80089938138297,18.228957439777282
867,18.28743320436689,18.20955341139317
868,18.27363152300135,18.002951664296848
869,18.094771249148323,18.471020879169902
870,18.124909722509724,17.976551913158342
871,18.052576573588535,18.180946717849466
872,17.79036693183033,18.177789146124205
873,18.188215891488326,17.943012561903338
874,17.97920527745123,17.936365259297023
875,18.02663007898653,18.580644468955775
876,18.105124433962374,18.24209088949713
877,17.944264158947046,18.404304807262132
878,18.049606272276232,18.184343178745223
879,18.04154727763165,17.60629037494334
880,18.150998327635403,17.81783908720852
881,18.10198003302729,18.255954298048675
882,17.882210435091462,18.12475063833696
883,17.682415897220487,18.180905080748463
884,17.680061916897767,17.841240707056645
885,17.99505582589356,18.052127499194313
886,18.240347777310753,18.109759593228972
887,17.885791282621792,18.156609822955698
888,18.033581947054167,17.976274910377388
889,17.74842065164541,18.058121298888377
890,18.079788886826083,18.244412249653593
891,18.194767942421443,18.265640061198564
892,18.111256795831668,18.216384932239574
893,18.566221251177556,18.14639486929622
894,17.52402220405352,18.039919625862417
895,18.044238910772147,18.250571822159174
896,18.080816676511645,18.018634202420035
897,18.063702430351224,18.10182260945591
898,17.936471078075893,18.14712668926992
899,18.007182819887042,17.99023453608893
900,17.87372096243699,18.167992168128425
901,18.017400935454607,17.995388698739507
902,18.190309772007488,18.077685020019768
903,17.962457582139518,18.05790640583817
904,17.866245048579007,18.244022128557372
905,18.07692016951838,18.051145903824704
906,17.840550305906145,18.3699060064169
907,18.038030706906568,18.25069033000986
908,18.139892679061226,18.060356505726617
909,18.163213382566063,18.150387784395647
910,17.878831333706763,17.75571168076058
911,17.99054736263399,18.072888312345942
912,18.093433048689533,18.14297035420445
913,17.942812940709075,18.334319519584085
914,18.0038796191144,18.168681763735282
915,18.22124685603111,18.206407474920393
916,18.022935483342746,18.04070630131197
917,18.265826458272436,17.780400241756762
918,18.08250223823177,18.24721474228261
919,18.067647485294682,17.98253257267237
920,18.11957560451658,18.396503247313536
921,17.967831497034,18.05858987570462
922,17.631798934555245,18.150769023132362
923,18.26753068756931,18.177573639754154
924,17.96480791901947,18.151932666389317
925,18.042250386704357,18.229471715884507
926,17.867852570675286,18.43275717565363
927,17.79967723630135,18.282141150081202
928,18.11368158283971,18.350785127525807
929,18.199170305787884,18.181689190573675
930,17.6492403518792,18.046000013775302
931,17.857589220145716,18.368934936613453
932,18.058059814690605,17.800096962160573
933,17.884715698702152,18.309460492737465
934,17.935739244506227,18.131392715393307
935,17.859596147103773,18.11609944865864
936,18.215572283763475,18.044324485544294
937,18.30210428883116,17.426773773472064
938,18.078489668297568,18.097648310589733
939,17.97154360324028,18.08517776453329
940,17.715890582460556,18.07919753608767
941,17.719993125924415,18.34442451283696
942,18.420024577885915,18.05489096968227
943,17.66431122138474,18.371721329590855
944,18.124570741693397,18.19499415754978
945,17.873686044698488,18.129054108663095
946,18.121801381232423,18.51830022833879
947,18.124249845370834,18.094212394253162
948,18.016906228077527,18.226530102555728
949,18.097165788907116,18.300749236051157
950,17.569108622752488,18.44292408292892
951,18.147158290855227,18.20374667397678
952,18.102310594388772,18.127422420161786
953,17.961654995038426,18.162687508309848
954,18.07377229644304,18.063481091219128
955,17.995208711236064,18.042171589022825
956,18.138266614760866,18.283992191760277
957,17.49532866151578,17.929299808994216
958,17.877927085454928,17.963563288298506
959,17.730851924963016,18.104373775175077
960,17.564567525235944,18.074640835922263
961,18.016844084811993,18.01953418588515
962,18.163255628642474,17.991214533590405
963,17.956889802636674,18.275683399037984
964,17.96061044316078,18.06060620696452
965,18.06613715391386,18.31791870461466
966,17.60805700768987,18.369805014535146
967,17.733278116701566,17.930445230913246
968,18.113296681946313,18.150786286621162
969,17.929333649235083,18.18378140082852
970,18.143695145354062,18.62223341802165
971,18.281590641938777,18.232967618574314
972,18.04558797540062,18.15605018617543
973,18.25355256589725,18.261405912962765
974,17.8257127291634,18.468378708532942
975,17.958141904512846,18.180456973044386
976,17.991152729293617,17.952650333400985
977,18.007505185621977,18.145149619211832
978,17.88016607048202,17.93498706640774
979,17.981669154079082,18.317818375909198
980,17.68826281792637,18.048044756330736
981,18.226046788688443,18.37787089993529
982,17.868651714158837,18.10639498513435
983,18.027036058668937,18.113235176801645
984,18.2113981688485,18.145204656242182
985,18.062193165374385,17.766894482033653
986,18.07655943193458,18.108825749284936
987,17.928294536210483,18.213152174570453
988,18.032512972395082,18.02297087232757
989,18.1633986699424,18.065002866659857
990,18.113229244825103,18.249949094645192
991,18.239204690007174,18.2138326484347
992,18.123918981763353,18.19606615828256
993,17.520197147674967,18.062087539930854
994,18.35318779199086,18.03676391153711
995,17.802763281269737,17.978722289367287
996,18.06770439275695,18.005558794301184
997,17.714908105308222,18.244663456502806
998,18.166200277936447,18.34577579279997
999,18.208035196702795,18.378211508459607
