label_scheme,layer,auroc_mean,auroc_ci_lo,auroc_ci_hi
pooled,0,0.55690078125,0.5424165744907723,0.5713849880092277
pooled,1,0.613443125,0.6088638964101893,0.6180223535898106
pooled,2,0.5255560937499999,0.5080194497034256,0.5430927377965742
pooled,3,0.6661515625000001,0.6495529050815245,0.6827502199184756
pooled,4,0.5664953125000001,0.5564210575779241,0.576569567422076
pooled,5,0.58619375,0.5738175190146073,0.5985699809853926
pooled,6,0.6666240625000001,0.6456720262313027,0.6875760987686974
pooled,7,0.698814375,0.6852931581147073,0.7123355918852927
pooled,8,0.723169375,0.6736996545867115,0.7726390954132885
pooled,9,0.6652184375,0.6288792688631724,0.7015576061368276
pooled,10,0.76518,0.7281414438574926,0.8022185561425074
pooled,11,0.64129375,0.5828758754259411,0.6997116245740589
pooled,12,0.7790278125000001,0.7339279671164871,0.824127657883513
pooled,13,0.7741421875000001,0.727729438713731,0.8205549362862692
pooled,14,0.5707160937500001,0.5119529194362293,0.6294792680637709
pooled,15,0.6153359375,0.5557896149144085,0.6748822600855916
pooled,16,0.48955484375,0.44721447016875915,0.5318952173312409
pooled,17,0.6671203125,0.6387088493090181,0.695531775690982
pooled,18,0.6837978125,0.6675400463481554,0.7000555786518446
pooled,19,0.6465296875,0.630237451003266,0.6628219239967339
pooled,20,0.6406962500000001,0.63168169497863,0.6497108050213701
pooled,21,0.7283137500000001,0.7154514175283844,0.7411760824716158
pooled,22,0.592145,0.5507578917060305,0.6335321082939696
pooled,23,0.5677240625,0.5165147360000519,0.618933388999948
pooled,24,0.5248371875,0.4960329083487964,0.5536414666512035
pooled,25,0.485075,0.4583457248592843,0.5118042751407156
pooled,26,0.4901090625,0.4478164357509956,0.5324016892490044
pooled,27,0.41272906249999997,0.38665148183118103,0.4388066431688189
and_only,0,0.5241533333333332,0.5179818916486614,0.5303247750180051
and_only,1,0.5330266666666666,0.5196620063059575,0.5463913270273758
and_only,2,0.6064350000000001,0.6026712822768155,0.6101987177231846
and_only,3,0.5783133333333333,0.5665685466403709,0.5900581200262958
and_only,4,0.5393950000000001,0.5301787355557877,0.5486112644442125
and_only,5,0.6910716666666668,0.6839471194174286,0.6981962139159049
and_only,6,0.7031516666666667,0.7004505281782785,0.705852805155055
and_only,7,0.7732233333333334,0.7691400064880136,0.7773066601786531
and_only,8,0.756335,0.7500705996924838,0.7625994003075162
and_only,9,0.7282083333333333,0.720795458154088,0.7356212085125787
and_only,10,0.803545,0.7910183380725272,0.8160716619274727
and_only,11,0.7614666666666666,0.7482701892012472,0.774663144132086
and_only,12,0.7322816666666666,0.7205129936585031,0.7440503396748301
and_only,13,0.8741983333333334,0.8674488475656001,0.8809478191010667
and_only,14,0.8798233333333332,0.8723677345112079,0.8872789321554585
and_only,15,0.8782816666666665,0.8660932922566988,0.8904700410766342
and_only,16,0.9345700000000001,0.931190933355563,0.9379490666444372
and_only,17,0.9315566666666666,0.925213016999272,0.9379003163340611
and_only,18,0.8994283333333334,0.8899733118947832,0.9088833547718835
and_only,19,0.8666833333333333,0.8580024888706377,0.8753641777960288
and_only,20,0.7942716666666667,0.7789845801998424,0.809558753133491
and_only,21,0.7938683333333332,0.776734166211201,0.8110025004554654
and_only,22,0.778955,0.7514990761676942,0.8064109238323057
and_only,23,0.7868899999999999,0.7679703571767593,0.8058096428232404
and_only,24,0.8101583333333334,0.7839164051460118,0.836400261520655
and_only,25,0.82365,0.804110536751055,0.843189463248945
and_only,26,0.8187583333333333,0.7911291847911749,0.8463874818754916
and_only,27,0.8507999999999999,0.8296807146551609,0.8719192853448389
or_only,0,0.515615,0.5067763245033428,0.5244536754966573
or_only,1,0.4797016666666667,0.4631909096967183,0.4962124236366151
or_only,2,0.598815,0.5945864283778491,0.6030435716221508
or_only,3,0.49117333333333335,0.48312860194040136,0.49921806472626534
or_only,4,0.48044833333333337,0.47646506852894505,0.4844315981377217
or_only,5,0.5589666666666666,0.55298958440615,0.5649437489271832
or_only,6,0.6647116666666667,0.6599988004658025,0.6694245328675309
or_only,7,0.7108500000000001,0.7066975615140325,0.7150024384859677
or_only,8,0.717115,0.6996685278367494,0.7345614721632505
or_only,9,0.6835066666666667,0.6687480562955261,0.6982652770378073
or_only,10,0.7485000000000002,0.735649937773694,0.7613500622263063
or_only,11,0.7290633333333333,0.7127985476580568,0.7453281190086097
or_only,12,0.7022950000000001,0.6833168225543653,0.7212731774456349
or_only,13,0.737635,0.7234298066391831,0.751840193360817
or_only,14,0.7102933333333334,0.69158712329382,0.7289995433728469
or_only,15,0.8051983333333332,0.7916722464969844,0.818724420169682
or_only,16,0.77012,0.7494513332188855,0.7907886667811146
or_only,17,0.8187733333333336,0.8011383295936392,0.836408337073028
or_only,18,0.7832783333333333,0.7586089630111225,0.8079477036555441
or_only,19,0.7768400000000002,0.744569985834819,0.8091100141651814
or_only,20,0.7719,0.7354831498238704,0.8083168501761296
or_only,21,0.6852716666666667,0.6706302532788581,0.6999130800544754
or_only,22,0.7008483333333334,0.6792794722330451,0.7224171944336217
or_only,23,0.61823,0.5968161870160369,0.639643812983963
or_only,24,0.6723116666666668,0.6493296426577886,0.6952936906755449
or_only,25,0.7311599999999998,0.714711288520659,0.7476087114793406
or_only,26,0.6839833333333334,0.6683203518487837,0.6996463148178831
or_only,27,0.7171100000000001,0.7033270355732983,0.7308929644267019
conjunct_count,0,0.5246925,0.5210460686046051,0.5283389313953949
conjunct_count,1,0.5124991666666666,0.5029592038895403,0.5220391294437929
conjunct_count,2,0.5785324999999999,0.5743978246408109,0.5826671753591889
conjunct_count,3,0.5362875,0.5254419744428627,0.5471330255571374
conjunct_count,4,0.5183704166666667,0.5115143285090225,0.525226504824311
conjunct_count,5,0.6441791666666666,0.6378660488150142,0.6504922845183191
conjunct_count,6,0.6719095833333333,0.6679822208915674,0.6758369457750991
conjunct_count,7,0.7162041666666668,0.7133319314888725,0.719076401844461
conjunct_count,8,0.7252158333333333,0.718005265665872,0.7324264010007946
conjunct_count,9,0.70408875,0.698095268495056,0.7100822315049441
conjunct_count,10,0.7670712500000001,0.754544614140702,0.7795978858592982
conjunct_count,11,0.7334674999999999,0.716697395069168,0.7502376049308319
conjunct_count,12,0.6966175,0.6865855875144404,0.7066494124855596
conjunct_count,13,0.8274437500000001,0.8216202567612401,0.8332672432387602
conjunct_count,14,0.7817570833333333,0.7540447881423259,0.8094693785243406
conjunct_count,15,0.81922625,0.7924766154833967,0.8459758845166034
conjunct_count,16,0.7618425,0.7335932643531387,0.7900917356468613
conjunct_count,17,0.8553033333333332,0.8427158453923821,0.8678908212742843
conjunct_count,18,0.8385895833333332,0.8248096420881922,0.8523695245784743
conjunct_count,19,0.8146175,0.8005404121880038,0.8286945878119962
conjunct_count,20,0.7764454166666667,0.7624057352115693,0.790485098121764
conjunct_count,21,0.7552083333333333,0.7391714180937226,0.771245248572944
conjunct_count,22,0.7349287500000001,0.7232463093662104,0.7466111906337899
conjunct_count,23,0.7023645833333333,0.6866327855588006,0.718096381107866
conjunct_count,24,0.7159808333333333,0.700516970065634,0.7314446966010326
conjunct_count,25,0.7303958333333332,0.7176112188437118,0.7431804478229547
conjunct_count,26,0.7213225,0.7031950255178838,0.7394499744821161
conjunct_count,27,0.6945566666666666,0.6787610150299856,0.7103523183033476
