layer,train_set,eval_set,label_scheme,accuracy,auroc,n,base_rate
0,cities,neg_cities,single,0.4338235294117647,0.38295168577883265,1496,0.5
0,cities,sp_en_trans,single,0.5,0.5143158096332471,354,0.5
0,cities,compound_cities,pooled,0.508125,0.5468703125,1600,0.5
0,cities,compound_cities,and_only,0.35375,0.5923583333333333,800,0.25
0,cities,compound_cities,or_only,0.6625,0.585925,800,0.75
0,cities,compound_cities,conjunct_count,0.354375,0.5724583333333334,1600,0.25
1,cities,neg_cities,single,0.44986631016042783,0.2519302811061226,1496,0.5
1,cities,sp_en_trans,single,0.5,0.5079000287273772,354,0.5
1,cities,compound_cities,pooled,0.48625,0.5000109374999999,1600,0.5
1,cities,compound_cities,and_only,0.3825,0.55385,800,0.25
1,cities,compound_cities,or_only,0.59,0.5089333333333333,800,0.75
1,cities,compound_cities,conjunct_count,0.3825,0.5211916666666667,1600,0.25
2,cities,neg_cities,single,0.47794117647058826,0.2288741456718808,1496,0.5
2,cities,sp_en_trans,single,0.5,0.5462989562386287,354,0.5
2,cities,compound_cities,pooled,0.53625,0.511446875,1600,0.5
2,cities,compound_cities,and_only,0.70125,0.6036166666666667,800,0.25
2,cities,compound_cities,or_only,0.37125,0.5742166666666666,800,0.75
2,cities,compound_cities,conjunct_count,0.70375,0.5735604166666667,1600,0.25
3,cities,neg_cities,single,0.3790106951871658,0.19767150905087363,1496,0.5
3,cities,sp_en_trans,single,0.5,0.5157521784927702,354,0.5
3,cities,compound_cities,pooled,0.561875,0.5355187499999999,1600,0.5
3,cities,compound_cities,and_only,0.655,0.5841416666666668,800,0.25
3,cities,compound_cities,or_only,0.46875,0.5531083333333333,800,0.75
3,cities,compound_cities,conjunct_count,0.634375,0.5592541666666666,1600,0.25
4,cities,neg_cities,single,0.3997326203208556,0.176315093368412,1496,0.5
4,cities,sp_en_trans,single,0.5056497175141242,0.5813144371030036,354,0.5
4,cities,compound_cities,pooled,0.581875,0.590296875,1600,0.5
4,cities,compound_cities,and_only,0.7,0.5769916666666667,800,0.25
4,cities,compound_cities,or_only,0.46375,0.551075,800,0.75
4,cities,compound_cities,conjunct_count,0.649375,0.5554729166666666,1600,0.25
5,cities,neg_cities,single,0.47393048128342247,0.06377970488146645,1496,0.5
5,cities,sp_en_trans,single,0.5,0.5708768233904689,354,0.5
5,cities,compound_cities,pooled,0.545625,0.605334375,1600,0.5
5,cities,compound_cities,and_only,0.76625,0.7876333333333332,800,0.25
5,cities,compound_cities,or_only,0.325,0.7303333333333334,800,0.75
5,cities,compound_cities,conjunct_count,0.771875,0.7420312499999999,1600,0.25
6,cities,neg_cities,single,0.49064171122994654,0.0301481312019217,1496,0.5
6,cities,sp_en_trans,single,0.5,0.8821858342111143,354,0.5
6,cities,compound_cities,pooled,0.576875,0.680490625,1600,0.5
6,cities,compound_cities,and_only,0.76375,0.7650750000000001,800,0.25
6,cities,compound_cities,or_only,0.39,0.731875,800,0.75
6,cities,compound_cities,conjunct_count,0.744375,0.7333854166666667,1600,0.25
7,cities,neg_cities,single,0.4859625668449198,0.009851582830507022,1496,0.5
7,cities,sp_en_trans,single,0.6186440677966102,0.9558236777426666,354,0.5
7,cities,compound_cities,pooled,0.523125,0.6584234375,1600,0.5
7,cities,compound_cities,and_only,0.73,0.7731750000000001,800,0.25
7,cities,compound_cities,or_only,0.31625,0.7660833333333333,800,0.75
7,cities,compound_cities,conjunct_count,0.725625,0.7422583333333335,1600,0.25
8,cities,neg_cities,single,0.4799465240641711,0.012294818267608455,1496,0.5
8,cities,sp_en_trans,single,0.5847457627118644,0.960292380861183,354,0.5
8,cities,compound_cities,pooled,0.505625,0.58960390625,1600,0.5
8,cities,compound_cities,and_only,0.7575,0.7896749999999999,800,0.25
8,cities,compound_cities,or_only,0.25375,0.7825458333333333,800,0.75
8,cities,compound_cities,conjunct_count,0.754375,0.7464260416666667,1600,0.25
9,cities,neg_cities,single,0.39438502673796794,0.020589665131974036,1496,0.5
9,cities,sp_en_trans,single,0.5282485875706214,0.9498228478406587,354,0.5
9,cities,compound_cities,pooled,0.510625,0.5761843750000001,1600,0.5
9,cities,compound_cities,and_only,0.76125,0.7773083333333333,800,0.25
9,cities,compound_cities,or_only,0.26,0.7865,800,0.75
9,cities,compound_cities,conjunct_count,0.760625,0.7321666666666667,1600,0.25
10,cities,neg_cities,single,0.13770053475935828,0.00013940919099774112,1496,0.5
10,cities,sp_en_trans,single,0.7146892655367232,0.9915094640748189,354,0.5
10,cities,compound_cities,pooled,0.506875,0.82205625,1600,0.5
10,cities,compound_cities,and_only,0.75375,0.9183833333333333,800,0.25
10,cities,compound_cities,or_only,0.26,0.8697333333333334,800,0.75
10,cities,compound_cities,conjunct_count,0.756875,0.9005729166666667,1600,0.25
11,cities,neg_cities,single,0.4017379679144385,0.0006094683862849955,1496,0.5
11,cities,sp_en_trans,single,0.7711864406779662,0.9842318618532349,354,0.5
11,cities,compound_cities,pooled,0.505625,0.7754546874999999,1600,0.5
11,cities,compound_cities,and_only,0.75375,0.8941833333333333,800,0.25
11,cities,compound_cities,or_only,0.2575,0.8579833333333333,800,0.75
11,cities,compound_cities,conjunct_count,0.755625,0.8761895833333334,1600,0.25
12,cities,neg_cities,single,0.4979946524064171,0.0009740770396637034,1496,0.5
12,cities,sp_en_trans,single,0.8022598870056498,0.9768585017076831,354,0.5
12,cities,compound_cities,pooled,0.51375,0.7058499999999999,1600,0.5
12,cities,compound_cities,and_only,0.7675,0.90675,800,0.25
12,cities,compound_cities,or_only,0.26,0.8478,800,0.75
12,cities,compound_cities,conjunct_count,0.76375,0.8667229166666666,1600,0.25
13,cities,neg_cities,single,0.5,0.0001286854070748382,1496,0.5
13,cities,sp_en_trans,single,0.9717514124293786,0.9979890835966676,354,0.5
13,cities,compound_cities,pooled,0.5075,0.6886140625,1600,0.5
13,cities,compound_cities,and_only,0.76125,0.8972166666666666,800,0.25
13,cities,compound_cities,or_only,0.25375,0.8309583333333332,800,0.75
13,cities,compound_cities,conjunct_count,0.7575,0.8608020833333334,1600,0.25
14,cities,neg_cities,single,0.5,0.003590680316852069,1496,0.5
14,cities,sp_en_trans,single,0.864406779661017,0.9991700979922755,354,0.5
14,cities,compound_cities,pooled,0.5625,0.6785109375,1600,0.5
14,cities,compound_cities,and_only,0.8575,0.9194083333333334,800,0.25
14,cities,compound_cities,or_only,0.2675,0.8353999999999999,800,0.75
14,cities,compound_cities,conjunct_count,0.8125,0.8784520833333332,1600,0.25
15,cities,neg_cities,single,0.5,0.05246075095084218,1496,0.5
15,cities,sp_en_trans,single,0.9519774011299436,0.9995850489961378,354,0.5
15,cities,compound_cities,pooled,0.5675,0.6250625,1600,0.5
15,cities,compound_cities,and_only,0.8675,0.9276249999999999,800,0.25
15,cities,compound_cities,or_only,0.2675,0.9052749999999999,800,0.75
15,cities,compound_cities,conjunct_count,0.8175,0.87376875,1600,0.25
16,cities,neg_cities,single,0.49866310160427807,0.14328941348051133,1496,0.5
16,cities,sp_en_trans,single,0.9858757062146892,0.9990105014523285,354,0.5
16,cities,compound_cities,pooled,0.511875,0.5349593749999999,1600,0.5
16,cities,compound_cities,and_only,0.74875,0.9519083333333334,800,0.25
16,cities,compound_cities,or_only,0.275,0.8766999999999999,800,0.75
16,cities,compound_cities,conjunct_count,0.760625,0.8170000000000002,1600,0.25
17,cities,neg_cities,single,0.4919786096256685,0.1482420143555721,1496,0.5
17,cities,sp_en_trans,single,0.9689265536723164,0.9984040346005298,354,0.5
17,cities,compound_cities,pooled,0.5675,0.5785734375,1600,0.5
17,cities,compound_cities,and_only,0.86875,0.9585083333333334,800,0.25
17,cities,compound_cities,or_only,0.26625,0.8785666666666667,800,0.75
17,cities,compound_cities,conjunct_count,0.8175,0.8402166666666666,1600,0.25
18,cities,neg_cities,single,0.4338235294117647,0.11138347536389373,1496,0.5
18,cities,sp_en_trans,single,0.9463276836158192,0.9993935331482013,354,0.5
18,cities,compound_cities,pooled,0.564375,0.58515625,1600,0.5
18,cities,compound_cities,and_only,0.8525,0.9411583333333333,800,0.25
18,cities,compound_cities,or_only,0.27625,0.8401916666666667,800,0.75
18,cities,compound_cities,conjunct_count,0.808125,0.830875,1600,0.25
19,cities,neg_cities,single,0.49933155080213903,0.21004854299522435,1496,0.5
19,cities,sp_en_trans,single,0.7937853107344632,0.9986913083724345,354,0.5
19,cities,compound_cities,pooled,0.56,0.5439,1600,0.5
19,cities,compound_cities,and_only,0.86625,0.9342,800,0.25
19,cities,compound_cities,or_only,0.25375,0.85175,800,0.75
19,cities,compound_cities,conjunct_count,0.8075,0.8146791666666666,1600,0.25
20,cities,neg_cities,single,0.4859625668449198,0.14373623781063227,1496,0.5
20,cities,sp_en_trans,single,0.7768361581920904,0.9862746975645569,354,0.5
20,cities,compound_cities,pooled,0.54375,0.5390140625,1600,0.5
20,cities,compound_cities,and_only,0.81,0.9115916666666666,800,0.25
20,cities,compound_cities,or_only,0.2775,0.8175083333333333,800,0.75
20,cities,compound_cities,conjunct_count,0.785,0.79463125,1600,0.25
21,cities,neg_cities,single,0.5,0.06647494924075611,1496,0.5
21,cities,sp_en_trans,single,0.903954802259887,0.9703469628778449,354,0.5
21,cities,compound_cities,pooled,0.5325,0.54085,1600,0.5
21,cities,compound_cities,and_only,0.78125,0.9191333333333334,800,0.25
21,cities,compound_cities,or_only,0.28375,0.7725416666666668,800,0.75
21,cities,compound_cities,conjunct_count,0.77375,0.7884583333333333,1600,0.25
22,cities,neg_cities,single,0.49933155080213903,0.16866188624210013,1496,0.5
22,cities,sp_en_trans,single,0.6497175141242938,0.9613137987168439,354,0.5
22,cities,compound_cities,pooled,0.538125,0.5753578125000001,1600,0.5
22,cities,compound_cities,and_only,0.80625,0.8595083333333333,800,0.25
22,cities,compound_cities,or_only,0.27,0.7326000000000001,800,0.75
22,cities,compound_cities,conjunct_count,0.783125,0.7820979166666666,1600,0.25
23,cities,neg_cities,single,0.4979946524064171,0.19159291086390806,1496,0.5
23,cities,sp_en_trans,single,0.5932203389830508,0.9406620064477001,354,0.5
23,cities,compound_cities,pooled,0.528125,0.6416296875,1600,0.5
23,cities,compound_cities,and_only,0.7875,0.838875,800,0.25
23,cities,compound_cities,or_only,0.26875,0.6757250000000001,800,0.75
23,cities,compound_cities,conjunct_count,0.773125,0.7754625,1600,0.25
24,cities,neg_cities,single,0.49933155080213903,0.2250636277846092,1496,0.5
24,cities,sp_en_trans,single,0.53954802259887,0.9238724504452743,354,0.5
24,cities,compound_cities,pooled,0.521875,0.567134375,1600,0.5
24,cities,compound_cities,and_only,0.7925,0.8629583333333334,800,0.25
24,cities,compound_cities,or_only,0.25125,0.7194166666666668,800,0.75
24,cities,compound_cities,conjunct_count,0.771875,0.7738437499999999,1600,0.25
25,cities,neg_cities,single,0.49933155080213903,0.2717085132545969,1496,0.5
25,cities,sp_en_trans,single,0.596045197740113,0.9236809345973379,354,0.5
25,cities,compound_cities,pooled,0.515625,0.587596875,1600,0.5
25,cities,compound_cities,and_only,0.78125,0.8471166666666667,800,0.25
25,cities,compound_cities,or_only,0.25,0.7538166666666667,800,0.75
25,cities,compound_cities,conjunct_count,0.765625,0.79038125,1600,0.25
26,cities,neg_cities,single,0.49933155080213903,0.27833759901627153,1496,0.5
26,cities,sp_en_trans,single,0.6666666666666666,0.9268728653962782,354,0.5
26,cities,compound_cities,pooled,0.51875,0.5421609375,1600,0.5
26,cities,compound_cities,and_only,0.78625,0.8511,800,0.25
26,cities,compound_cities,or_only,0.25125,0.7122833333333334,800,0.75
26,cities,compound_cities,conjunct_count,0.76875,0.7573937500000001,1600,0.25
27,cities,neg_cities,single,0.49933155080213903,0.33358295919242753,1496,0.5
27,cities,sp_en_trans,single,0.8022598870056498,0.8789939034121741,354,0.5
27,cities,compound_cities,pooled,0.524375,0.5060546875,1600,0.5
27,cities,compound_cities,and_only,0.79875,0.8730666666666667,800,0.25
27,cities,compound_cities,or_only,0.25,0.718625,800,0.75
27,cities,compound_cities,conjunct_count,0.774375,0.7425812500000001,1600,0.25
